artist, part, native, born in
"Frank Grillo (Machito)", Vocal, "Cuba", 1909
"Mario Bauza", Saxophone, "Cuba", 1911
"Dizzy Gillespie", Trumpet, "US", 1917
"Bebo Valdes", Piano, "Cuba", 1918
"Charlie Parker", Saxophone, "US", 1920
"Tito Puente", Timbales, "US", 1923
"Ray Barretto", Conga, "US", 1929
"Eddie Palmieri", Piano, "US", 1936
"Chucho Valdes", Piano, "Cuba", 1941
"Juan Formell", Bass, "Cuba", 1942
"Changuito", Percussion, "Cuba", 1948
"Paquito D'Rivera", Saxophone, "Cuba", 1948
"Arturo Sandoval", Trumpet, "Cuba", 1949
"Poncho Sanchez", Conga, "US", 1951
"Hiralio Duran", Piano, "Cuba", 1953
"Michel Camilo", Piano, "Dominica", 1954
"Ralph Irizarry", Timbales, "US", 1954
"Dave Wackl", Drums, "US", 1960
"Feliciano Arrango", Bass, "Cuba", 1961
"Rebeca Mauleon", Piano, "US", 1962
"Giovanni Hidalgo", Conga, "Puerto rico", 1963
"Horacio El Negro Hernández", Drums, "Cuba", 1963
"Alain Lopez", Bass, "Cuba", 1963
"Humberto Ramirez", Trumpet, "Puerto rico", 1963
"Orlando Maraca Valle", Flute, "Cuba", 1966
"Paoli Mejias", Percussion, "Puerto rico", 1970
"Pedrito Martinez", Percussion, "Cuba", 1973
"Dafnis Prieto", Drums, "Cuba", 1974
"Tirso Duarte", Vocal, "Cuba", 1978
"Harold Lopez Nussa", Piano, "Cuba", 1983
"Alfred Rodriguez", Piano, "Cuba", 1985
